<?xml version="1.0" encoding="UTF-8"?>
<jcr:root xmlns:oak="http://jackrabbit.apache.org/oak/ns/1.0" xmlns:jcr="http://www.jcp.org/jcr/1.0" xmlns:nt="http://www.jcp.org/jcr/nt/1.0" xmlns:rep="internal"
    jcr:mixinTypes="[rep:AccessControllable]"
    jcr:primaryType="nt:unstructured">
    <socialLucene/>
    <workflowDataLucene/>
    <slingeventJob/>
    <jcrLanguage/>
    <testindex
        jcr:primaryType="oak:QueryIndexDefinition"
        async="[async]"
        evaluatePathRestrictions="{Boolean}true"
        fullTextEnabled="{Boolean}false"
        includedPaths="[/content/sampledata]"
        reindex="{Boolean}false"
        reindexCount="{Long}70"
        seed="{Long}4408017841139830167"
        type="lucene">
        <analyzers jcr:primaryType="nt:unstructured">
            <default jcr:primaryType="nt:unstructured">
                <tokenizer
                    jcr:primaryType="nt:unstructured"
                    name="Standard"/>
                <filters jcr:primaryType="nt:unstructured">
                    <Synonym
                        jcr:primaryType="nt:unstructured"
                        format="solr"
                        synonyms="synonyms.txt">
                        <synonyms.txt/>
                    </Synonym>
                </filters>
            </default>
        </analyzers>
        <indexRules jcr:primaryType="nt:unstructured">
            <nt:unstructured
                jcr:primaryType="nt:unstructured"
                includePropertyTypes="all">
                <properties jcr:primaryType="nt:unstructured">
                    <id
                        jcr:primaryType="nt:unstructured"
                        analyzed="{Boolean}true"
                        isRegexp="{Boolean}false"
                        name="id"
                        nodeScopeIndex="{Boolean}true"
                        ordered="{Boolean}true"
                        propertyIndex="{Boolean}true"
                        type="String"/>
                </properties>
            </nt:unstructured>
        </indexRules>
    </testindex>
    <versionStoreIndex/>
    <repMembers/>
    <cqReportsLucene/>
    <commerceLucene/>
    <counter/>
    <authorizables/>
    <enablementResourceName/>
    <externalPrincipalNames/>
    <cmLucene/>
    <cqProjectLucene/>
    <ntFolderDamLucene/>
    <acPrincipalName/>
    <uuid/>
    <damAssetLucene/>
    <rep:policy/>
    <cqPayloadPath/>
    <nodetypeLucene/>
    <nodetype/>
    <ntBaseLucene/>
    <reference/>
    <principalName/>
    <cqTagLucene/>
    <lucene/>
    <repTokenIndex/>
    <externalId/>
    <authorizableId/>
    <cqPageLucene/>
</jcr:root>
