<?xml version="1.0" encoding="UTF-8"?>
<jcr:root xmlns:sling="http://sling.apache.org/jcr/sling/1.0" xmlns:cq="http://www.day.com/jcr/cq/1.0" xmlns:jcr="http://www.jcp.org/jcr/1.0"
    cq:lastReplicated="{Date}2018-02-14T19:24:39.590-05:00"
    cq:lastReplicatedBy="admin"
    cq:lastReplicationAction="Activate"
    jcr:mixinTypes="[cq:ReplicationStatus]"
    jcr:primaryType="sling:OrderedFolder">
    <activitystream/>
    <page/>
    <forum/>
    <filelibrary/>
    <catalog/>
    <assignments/>
    <blog/>
    <qna/>
    <ideation/>
    <calendar/>
    <groups/>
    <page0/>
    <page1/>
</jcr:root>
