<?xml version="1.0" encoding="UTF-8"?>
<jcr:root xmlns:sling="http://sling.apache.org/jcr/sling/1.0" xmlns:cq="http://www.day.com/jcr/cq/1.0" xmlns:jcr="http://www.jcp.org/jcr/1.0" xmlns:nt="http://www.jcp.org/jcr/nt/1.0" xmlns:rep="internal"
    jcr:mixinTypes="[rep:AccessControllable]"
    jcr:primaryType="cq:Page">
    <rep:policy/>
    <wcm jcr:primaryType="nt:unstructured">
        <foundation jcr:primaryType="nt:unstructured">
            <components jcr:primaryType="nt:unstructured">
                <responsivegrid jcr:primaryType="nt:unstructured">
                    <content-default
                        jcr:description="Policy for editable layout containers"
                        jcr:lastModified="{Date}2019-06-30T18:25:30.930-05:00"
                        jcr:lastModifiedBy="demo-template-author"
                        jcr:primaryType="nt:unstructured"
                        jcr:title="editabledemo Default"
                        sling:resourceType="wcm/core/components/policy/policy"
                        components="[/libs/wcm/foundation/components/responsivegrid,group:editabledemo,/apps/editabledemo/components/form/container]"
                        policyResourceType="wcm/foundation/components/responsivegrid">
                        <cq:authoring jcr:primaryType="nt:unstructured">
                            <assetToComponentMapping jcr:primaryType="nt:unstructured">
                                <image
                                    jcr:primaryType="nt:unstructured"
                                    assetGroup="media"
                                    assetMimetype="image/*"
                                    droptarget="image"
                                    resourceType="editabledemo/components/content/image"
                                    type="Images"/>
                            </assetToComponentMapping>
                        </cq:authoring>
                        <jcr:content
                            jcr:primaryType="nt:unstructured"
                            mergeList="{Boolean}true"/>
                    </content-default>
                    <policy_767637059644731
                        jcr:lastModified="{Date}2019-06-30T18:29:14.820-05:00"
                        jcr:lastModifiedBy="demo-template-author"
                        jcr:primaryType="nt:unstructured"
                        jcr:title="toppanel"
                        sling:resourceType="wcm/core/components/policy/policy"
                        columns="16"
                        components="[/libs/wcm/foundation/components/responsivegrid,/apps/editabledemo/components/content/image,/apps/editabledemo/components/content/text]">
                        <jcr:content jcr:primaryType="nt:unstructured"/>
                    </policy_767637059644731>
                    <policy_767830145458546
                        jcr:lastModified="{Date}2019-07-04T19:41:13.061-05:00"
                        jcr:lastModifiedBy="admin"
                        jcr:primaryType="nt:unstructured"
                        jcr:title="topimage"
                        sling:resourceType="wcm/core/components/policy/policy"
                        components="/apps/editabledemo/components/content/image">
                        <jcr:content jcr:primaryType="nt:unstructured"/>
                    </policy_767830145458546>
                    <policy_767870880158691
                        jcr:lastModified="{Date}2019-07-04T19:41:25.827-05:00"
                        jcr:lastModifiedBy="admin"
                        jcr:primaryType="nt:unstructured"
                        jcr:title="toptext"
                        sling:resourceType="wcm/core/components/policy/policy"
                        components="/apps/editabledemo/components/content/text">
                        <jcr:content jcr:primaryType="nt:unstructured"/>
                    </policy_767870880158691>
                    <policy_767945002286718
                        jcr:lastModified="{Date}2019-06-30T18:32:06.643-05:00"
                        jcr:lastModifiedBy="demo-template-author"
                        jcr:primaryType="nt:unstructured"
                        jcr:title="teasertitle"
                        sling:resourceType="wcm/core/components/policy/policy"
                        components="/apps/editabledemo/components/content/text">
                        <jcr:content jcr:primaryType="nt:unstructured"/>
                    </policy_767945002286718>
                    <policy_768016441581315
                        jcr:lastModified="{Date}2019-07-04T19:41:47.652-05:00"
                        jcr:lastModifiedBy="admin"
                        jcr:primaryType="nt:unstructured"
                        jcr:title="teasertitle"
                        sling:resourceType="wcm/core/components/policy/policy"
                        components="/apps/editabledemo/components/content/text">
                        <jcr:content jcr:primaryType="nt:unstructured"/>
                    </policy_768016441581315>
                    <policy_768117881851956
                        jcr:lastModified="{Date}2019-07-04T19:42:45.906-05:00"
                        jcr:lastModifiedBy="admin"
                        jcr:primaryType="nt:unstructured"
                        jcr:title="teaserchild"
                        sling:resourceType="wcm/core/components/policy/policy"
                        components="/apps/editabledemo/components/content/teaser">
                        <jcr:content jcr:primaryType="nt:unstructured"/>
                    </policy_768117881851956>
                    <policy_776684684285856
                        jcr:lastModified="{Date}2019-06-30T21:01:44.546-05:00"
                        jcr:lastModifiedBy="demo-template-author"
                        jcr:primaryType="nt:unstructured"
                        jcr:title="toppanel"
                        sling:resourceType="wcm/core/components/policy/policy"
                        columns="16"
                        components="/libs/wcm/foundation/components/responsivegrid">
                        <jcr:content jcr:primaryType="nt:unstructured"/>
                    </policy_776684684285856>
                    <policy_777128373952288
                        jcr:lastModified="{Date}2019-06-30T21:16:03.966-05:00"
                        jcr:lastModifiedBy="demo-template-author"
                        jcr:primaryType="nt:unstructured"
                        jcr:title="teaserparent"
                        sling:resourceType="wcm/core/components/policy/policy"
                        columns="16"
                        components="[/libs/wcm/foundation/components/responsivegrid,/apps/editabledemo/components/content/text]">
                        <jcr:content jcr:primaryType="nt:unstructured"/>
                    </policy_777128373952288>
                </responsivegrid>
            </components>
        </foundation>
    </wcm>
    <editabledemo jcr:primaryType="nt:unstructured">
        <components jcr:primaryType="nt:unstructured">
            <form jcr:primaryType="nt:unstructured">
                <container jcr:primaryType="nt:unstructured">
                    <form-container
                        jcr:primaryType="nt:unstructured"
                        jcr:title="editabledemo Form"
                        sling:resourceType="wcm/core/components/policy/policy"
                        components="[/apps/editabledemo/components/form/button,/apps/editabledemo/components/form/hidden,/apps/editabledemo/components/form/options,/apps/editabledemo/components/form/text]">
                        <jcr:content jcr:primaryType="nt:unstructured"/>
                    </form-container>
                </container>
            </form>
        </components>
    </editabledemo>
</jcr:root>
