<?xml version="1.0" encoding="UTF-8"?>
<jcr:root xmlns:sling="http://sling.apache.org/jcr/sling/1.0" xmlns:cq="http://www.day.com/jcr/cq/1.0" xmlns:jcr="http://www.jcp.org/jcr/1.0" xmlns:nt="http://www.jcp.org/jcr/nt/1.0"
    cq:lastReplicated="{Date}2018-02-14T19:28:54.253-05:00"
    cq:lastReplicatedBy="admin"
    cq:lastReplicationAction="Activate"
    jcr:mixinTypes="[cq:ReplicationStatus,cq:Taggable]"
    jcr:primaryType="nt:unstructured"
    sling:resourceType="social/enablement/components/hbs/model/resource"
    se_allow-comments="{Boolean}true"
    se_allow-ratings="{Boolean}true"
    se_anonymous-access="{Boolean}true"
    se_cover-image="/content/we-retail/us/en/community/resources/en/wrt-learning-ski-3/se_assets/se_primary/cover-image/image"
    se_date-published="{Date}2018-01-24T19:28:54.000-05:00"
    se_description="Learning to Ski, third part"
    se_enablement-type="resource"
    se_first-published-by="admin"
    se_published="{Boolean}true"
    se_resource-name="Beginner Ski Lesson, part III"
    se_resource-tags="[we-retail:activity/skiing]"
    se_resource-uid="wrt-learning-ski-3"
    se_send-enrollment-email="{Boolean}false"
    se_show-in-catalog="{Boolean}true"
    se_site="/content/we-retail/us/en/community/resources/en">
    <se_assets
        jcr:primaryType="nt:unstructured"
        sling:resourceType="social/enablement/components/hbs/model/resource/assets">
        <se_primary
            jcr:primaryType="nt:unstructured"
            sling:resourceType="social/enablement/components/hbs/model/resource/asset"
            se_asset-category="enablementAsset:dam"
            se_cover-image="/content/we-retail/us/en/community/resources/en/wrt-learning-ski-3/se_assets/se_primary/cover-image/image"
            se_cover-img-path=""
            se_dam-path="/content/dam/resources/we-retail/communities/ski-lesson-2.jpg"
            se_resource-asset-name="ski-lesson-2.jpg"
            se_state="A"
            se_thumbnail-source="dam">
            <cover-image
                jcr:primaryType="nt:unstructured"
                sling:resourceType="social/enablement/components/hbs/model/resource/card-image">
                <image/>
            </cover-image>
            <ski-lesson-2.jpg/>
        </se_primary>
        <se_small
            jcr:primaryType="nt:unstructured"
            sling:resourceType="social/enablement/components/hbs/model/resource/asset"
            se_asset-category="enablementAsset:dam"
            se_cover-image="/content/we-retail/us/en/community/resources/en/wrt-learning-ski-3/se_assets/se_small/cover-image/image"
            se_dam-path="/content/dam/resources/we-retail/communities/ski-lesson-3.jpg"
            se_resource-asset-name="ski-lesson-3.jpg">
            <cover-image
                jcr:primaryType="nt:unstructured"
                sling:resourceType="social/enablement/components/hbs/model/resource/card-image">
                <image/>
            </cover-image>
            <ski-lesson-3.jpg/>
        </se_small>
    </se_assets>
    <se_authors
        jcr:primaryType="nt:unstructured"
        sling:resourceType="social/enablement/components/hbs/model/resource/authorizables">
        <jason.werner_x0040_dodgit.com
            jcr:primaryType="nt:unstructured"
            sling:resourceType="social/enablement/components/hbs/model/resource/authorizable"
            se_userEmail="jason.werner@dodgit.com"
            se_userId="jason.werner@dodgit.com"
            se_userName="Jason Werner"/>
    </se_authors>
    <se_contacts
        jcr:primaryType="nt:unstructured"
        sling:resourceType="social/enablement/components/hbs/model/resource/authorizables">
        <jason.werner_x0040_dodgit.com
            jcr:primaryType="nt:unstructured"
            sling:resourceType="social/enablement/components/hbs/model/resource/authorizable"
            se_userEmail="jason.werner@dodgit.com"
            se_userId="jason.werner@dodgit.com"
            se_userName="Jason Werner"/>
    </se_contacts>
    <se_experts
        jcr:primaryType="nt:unstructured"
        sling:resourceType="social/enablement/components/hbs/model/resource/authorizables">
        <jason.werner_x0040_dodgit.com
            jcr:primaryType="nt:unstructured"
            sling:resourceType="social/enablement/components/hbs/model/resource/authorizable"
            se_userEmail="jason.werner@dodgit.com"
            se_userId="jason.werner@dodgit.com"
            se_userName="Jason Werner"/>
    </se_experts>
    <se_assignees
        jcr:primaryType="nt:unstructured"
        sling:resourceType="social/enablement/components/hbs/model/resource/authorizables"
        se_last-published="{Long}1518654534253"/>
    <se_card-image
        jcr:primaryType="nt:unstructured"
        sling:resourceType="social/enablement/components/hbs/model/resource/card-image">
        <image/>
    </se_card-image>
    <se_social
        jcr:primaryType="nt:unstructured"
        jcr:title="Beginner Ski Lesson, part III"
        sling:resourceType="social/enablement/components/hbs/model/resource/social">
        <se_discussion
            jcr:primaryType="nt:unstructured"
            jcr:title="Beginner Ski Lesson, part III"
            sling:resourceType="social/commons/components/hbs/comments"
            allowDeleteComments="true"
            allowDenyComments="true"
            allowFlagComments="true"
            allowRepliesToComments="true"
            allowVoting="true"
            maxMessageLength="1000"
            useReferrer="true"/>
        <se_ratings
            jcr:primaryType="nt:unstructured"
            jcr:title="Beginner Ski Lesson, part III"
            sling:resourceType="social/tally/components/hbs/rating"
            useReferrer="true"/>
    </se_social>
</jcr:root>
