<?xml version="1.0" encoding="UTF-8"?>
<jcr:root xmlns:dam="http://www.day.com/dam/1.0" xmlns:cq="http://www.day.com/jcr/cq/1.0" xmlns:jcr="http://www.jcp.org/jcr/1.0" xmlns:mix="http://www.jcp.org/jcr/mix/1.0" xmlns:nt="http://www.jcp.org/jcr/nt/1.0"
    jcr:isCheckedOut="{Boolean}true"
    jcr:mixinTypes="[mix:referenceable,mix:versionable]"
    jcr:primaryType="dam:Asset"
    jcr:uuid="64a7826e-22c0-4e95-b049-4645b8400356">
    <jcr:content
        cq:name="copyright-cf"
        cq:parentPath="/content/dam/contentfragments"
        jcr:description=""
        jcr:lastModified="{Date}2019-12-15T14:42:50.228-06:00"
        jcr:lastModifiedBy="admin"
        jcr:primaryType="dam:AssetContent"
        jcr:title="copyright-cf"
        contentFragment="{Boolean}true"
        lastFragmentSave="{Date}2019-12-15T14:42:50.228-06:00">
        <data
            cq:model="/conf/we-retail/settings/dam/cfm/models/copyrightmodel"
            jcr:primaryType="nt:unstructured">
            <master
                jcr:mixinTypes="[cq:Taggable]"
                jcr:primaryType="nt:unstructured"
                copyrightcfmodeldata="All rights reserved. Updated"
                copyrightcfmodeldata_x0040_LastModified="{Date}2019-12-15T14:42:50.202-06:00"/>
            <copyright-spanish
                jcr:mixinTypes="[cq:Taggable]"
                jcr:primaryType="nt:unstructured"
                copyrightcfmodeldata="Todos los derechos reservados"
                copyrightcfmodeldata_x0040_LastModified="{Date}2019-12-15T14:41:35.368-06:00"/>
        </data>
        <metadata
            jcr:mixinTypes="[cq:Taggable]"
            jcr:primaryType="nt:unstructured"/>
        <model jcr:primaryType="nt:unstructured">
            <variations jcr:primaryType="nt:unstructured">
                <copyright-spanish
                    jcr:description=""
                    jcr:mixinTypes="[cq:Taggable]"
                    jcr:primaryType="nt:unstructured"
                    jcr:title="copyright-spanish"
                    name="copyright-spanish">
                    <properties
                        jcr:primaryType="nt:unstructured"
                        synchronizeWithVersion="[copyrightcfmodeldata:56df80f5-0c13-4d47-bdc2-ca994a40901d]"/>
                </copyright-spanish>
            </variations>
        </model>
        <related jcr:primaryType="nt:unstructured"/>
    </jcr:content>
</jcr:root>
