<?xml version="1.0" encoding="UTF-8"?>
<jcr:root xmlns:sling="http://sling.apache.org/jcr/sling/1.0" xmlns:granite="http://www.adobe.com/jcr/granite/1.0" xmlns:cq="http://www.day.com/jcr/cq/1.0" xmlns:jcr="http://www.jcp.org/jcr/1.0" xmlns:nt="http://www.jcp.org/jcr/nt/1.0"
    jcr:primaryType="nt:unstructured"
    jcr:title="Column Component Responsive"
    sling:resourceType="cq/gui/components/authoring/dialog"
    extraClientlibs="[customvalidation]">
    <content
        jcr:primaryType="nt:unstructured"
        sling:resourceType="granite/ui/components/coral/foundation/tabs">
        <items
            jcr:primaryType="nt:unstructured"
            sling:hideChildren="*">
            <presets
                jcr:primaryType="nt:unstructured"
                jcr:title="Presets"
                sling:resourceType="granite/ui/components/coral/foundation/fixedcolumns">
                <items jcr:primaryType="nt:unstructured">
                    <column
                        jcr:primaryType="nt:unstructured"
                        sling:resourceType="granite/ui/components/coral/foundation/container">
                        <items jcr:primaryType="nt:unstructured">
                            <title
                                granite:class="title"
                                jcr:primaryType="nt:unstructured"
                                sling:resourceType="granite/ui/components/coral/foundation/form/checkbox"
                                fieldDescription="Note: Titles are not available on the Advanced preset"
                                fieldLabel="Add Title to Columns?"
                                name="./title"
                                text="Add Title to Columns?"
                                value="{Boolean}false"/>
                            <padding
                                jcr:primaryType="nt:unstructured"
                                sling:resourceType="granite/ui/components/coral/foundation/form/checkbox"
                                fieldDescription="check to remove padding from columns"
                                fieldLabel="Remove Padding from Columns?"
                                name="./removePadding"
                                text="Remove Padding from Columns?"
                                value="{Boolean}false"/>
                            <presets
                                granite:class="presets"
                                jcr:primaryType="nt:unstructured"
                                sling:resourceType="granite/ui/components/coral/foundation/form/select"
                                fieldDescription="Choose Column style(Advanced for column customization)."
                                fieldLabel="Presets"
                                name="./presets">
                                <items jcr:primaryType="nt:unstructured">
                                    <option1
                                        jcr:primaryType="nt:unstructured"
                                        text="2 Column(50%,50%) No Offset"
                                        value="50-50-no-offset"/>
                                    <option2
                                        jcr:primaryType="nt:unstructured"
                                        text="2 Column(50%,50%) with Offset"
                                        value="50-50-with-offset"/>
                                    <option3
                                        jcr:primaryType="nt:unstructured"
                                        text="2 Column(60%,40%)"
                                        value="60-40"/>
                                    <option10
                                        jcr:primaryType="nt:unstructured"
                                        text="Advanced"
                                        value="Advanced"/>
                                </items>
                            </presets>
                            <colnums
                                granite:class="columns"
                                jcr:primaryType="nt:unstructured"
                                sling:resourceType="granite/ui/components/coral/foundation/form/select"
                                fieldDescription="Choose the number of column(s) will be created."
                                fieldLabel="Columns"
                                name="./columns">
                                <items jcr:primaryType="nt:unstructured">
                                    <_x0031_
                                        jcr:primaryType="nt:unstructured"
                                        text="1"
                                        value="1"/>
                                    <_x0032_
                                        jcr:primaryType="nt:unstructured"
                                        text="2"
                                        value="2"/>
                                </items>
                            </colnums>
                        </items>
                    </column>
                </items>
            </presets>
        </items>
    </content>
</jcr:root>
